{"ret": 8.735262247450343, "mtx": [[3403.052978515625, 0.0, 2101.3043063061195], [0.0, 3434.074462890625, 1154.6619175555534], [0.0, 0.0, 1.0]], "dist": [[-19.87555590728448], [371.4590701497369], [-0.0020731696495147724], [0.003183112087364842], [-650.7296802910304], [-19.590551549245838], [364.5247650929335], [-636.3009697764724], [0.0], [0.0], [0.0], [0.0], [0.0], [0.0]]}